,country_name,year,sector,reform_text,country
0,Australia,2024,ALLSEC,"In 2024, the cost to obtain a business visa increased from AUD 150 to AUD 190. The average processing time of a business visa application decreased from 18 to 14 days.",AUS
1,Australia,2023,ALLSEC,"From 11 December 2023, the conditions of labour market testing under the Temporary Skill Shortage visa (subclass 482) applicable to intra-corporate transferees were eased by reducing the number of required job advertisements from three to two.",AUS
2,Australia,2021,CO,"In 2021, the Design and Building Practitioners Regulation 2021, under the Design and Building Practitioners Act 2020, entered into force. This regulation regulates the registration of design and building practitioners, and professional engineers in the CO sector, and establishes a process to recognise qualifications conferred by foreign universities. In 2021, the number of documents required for business visa applications was also revised and reduced.",AUS
3,Australia,2020,PSACC,"In 2020, Australia improved conditions for the recognition of professional qualifications gained abroad as actuaries.",AUS
4,Australia,2018,ALLSEC,"With the introduction of the Temporary Skill Shortage visa (subclass 482) in March 2018, foreign services providers are allowed to stay in the country for up to four years, compared to three years with the old 457 visa.",AUS
5,Australia,2016,ALLSEC,"In June 2016, New South Wales introduced a 4% surcharge for foreign persons (including foreign corporations) in addition to the duty payable on the purchase of residential property. Furthermore, foreigners are subject to a land tax surcharge of 0.75% in 2017 for residential property.",AUS
6,Austria,2024,ALLSEC,"In 2024, the number of required documents to obtain a business visa decreased from 16 to 15.",AUT
7,Austria,2021,TC,"In TC, a local presence requirement for the cross-border supply of services was introduced in 2021. Regarding legal services, the maximum foreign equity share allowed was reduced to 25% for domestic as well as international law in 2020. Moreover, the new Austrian Investment Control Act, which entered into force in July 2020, expanded the scope of the screening of foreign investments. Screening exists without exclusion of economic interests in 14 services sectors.",AUT
8,Austria,2017,ALLSEC,"A new permit for intra-corporate transferees was introduced in October 2017. The period of validity has been extended from one to three years for managers and specialists. In addition, parts of the fixed line telephony market were deregulated in May 2017 following market analyses by the regulator. Changes resulting from EU law are described under the European Union heading in this Annex.",AUT
9,Belgium,2024,FSINS,"In 2024, Belgium repealed the nationality and residency requirements for appointed actuaries in FSINS services. Various changes affecting the entry of foreign nationals and labour market testing were implemented at the regional level, but these changes did not have an impact on the STRI indices.",BEL
10,Belgium,2023,Investment,"In 2023, a new foreign investment screening mechanism took effect in line with Regulation (EU) 2019/452. Under the new mechanism, certain investments by non-EU investors are subject to mandatory notification and approval. Screening applies to direct and indirect acquisitions of 10% or 25% of voting rights in Belgian companies operating in various sectors of the economy. In 2016, the restriction requiring third-country companies to demonstrate the existence of an international agreement permitting their participation in public procurement processes was repealed.",BEL
11,Belgium,2015,TRRAI,"One of the main TRRAI freight operators in Belgium, B Logistics, was partially privatised in 2015, with the state-owned Belgian national TRRAIway company, SNCB, now owning only 31% of its equity shares. Changes resulting from EU law are described under the European Union heading in this Annex.",BEL
12,Brazil,2024,TRMAR,"In 2024, Brazil removed price regulations for pilotage services, allowing service providers and users to negotiate pricing terms freely. Also in 2024, Brazil reinstated a screen quota for motion pictures whereby companies that own, rent or lease cinemas must observe a minimum of number of sessions showing Brazilian feature-length cinematographic works as part of their programming. A screen quota had previously applied until 2021 when it expired. Moreover, the average processing time for business visa applications increased from 7 to 10 days. Finally, from 1 August 2024, the de minimis regime that had been adopted in 2023 was lifted and a simplified taxation system was introduced for the collection of import taxes on goods contained in international postal consignments.",BRA
13,Brazil,2023,TRAIR,"In 2023, a new resolution from the Agency of Civil Aviation suppressed the requirement to respect historic slots in the allocation of slots for new entrants; however, it kept the priority to the continuation of slots from the previous season. Brazil also reversed a policy change introduced in 2022 that required 65% of the statutory or contractual bodies of supervised entities in the FSINS sector, as well as FSINS brokers to be resident in the country.",BRA
14,Brazil,2022,FSBNK,"In 2022, a new law on the foreign exchange market (Lei No. 14.286, de 29 de dezembro de 2021) entered into force, recognising equal treatment of foreign and national capital. It suppressed the previous limitation for the National Treasury and other official public credit entities to guarantee or provide loans, credits or financing to companies obtaining credit abroad whose majority of the capital with voting rights belongs to non-residents. The foreign exchange market law also eliminates restrictions on the possibility of banks headquartered in countries where Brazilian banks cannot fully operate to acquire more than 30% of voting rights within Brazilian banks.",BRA
15,Brazil,2021,"All, except legal and PSACC","Law 14195/2021 introduced important reforms, including the elimination of residency requirements for managers in most sectors (except legal and PSACC services). Managers are no longer required to reside in the country, but need to appoint a representative in the country for legal purposes. In the same year, Brazil introduced an important reform on the organisation of the Banco Central do Brasil (Brazil FSBNK Supervisory Authority) and eliminated the residency requirement for members of the board of directors or managers of the Brazilian Post and Telegraph Corporation (Empresa Brasileira de Correios e Telégrafos).",BRA
16,Brazil,2021,FSBNK,"In February 2021 a new law reformed the governance structure of the Banco Central do Brasil. This reform included recognising the Banco do Brasil’s independency and financial autonomy, as well as its full authority to license and enforce prudential measures. The reform also includes a term limitation of its governing body.",BRA
17,Brazil,2020,FSBNK,"In 2020, Brazil eased the licensing conditions for foreign banks and FSINS providers, levelling the playing field compared to domestic financial services providers.",BRA
18,Brazil,2020,ALLSEC,A new General Data Protection Law (Lei Geral de Proteção de Dados Pessoais) entered into force in September 2020. This law provides the possibility to transfer personal data abroad if certain private sector safeguards are in place.,BRA
19,Brazil,2019,DS,"In DS services, policy changes in 2019 removed upper limits on shop opening hours.",BRA
20,Brazil,2018,TRAIR,"In 2018, Brazil implemented significant reforms on foreign investment in local airlines through Presidential Measure (PM) No. 863/2018. Congress converted the PM into Federal Law No. 13,842/2019 on 17 June 2019, embedding the reforms into the Brazilian Aeronautics Code (Federal Law No. 7,565/1986). Key reforms included the removal of a 20% cap on foreign participation in Brazilian airlines, allowing foreigners full ownership of the share capital. Limitations were also lifted on foreign control and management of Brazilian airlines, together with restrictions on the issuance and transfer of shares to foreigners.",BRA
21,Brazil,2015,CR,"The Federal Supreme Court ruled in 2015 to exempt the designated postal operator from VAT and other local taxes for both its postal and CR services. In the same year, the temporary licensing for accountants and auditors was removed.",BRA
22,Canada,2024,Investment,"In 2024, the screening threshold for foreign investments increased from CAD 1 287 billion to 1 326 billion. Since 1 May 2024, a positive decision issued as part of a labour market test assessment is valid for up to 6 months compared to 12 months previously, thus tightening the conditions for the entry of contractual services suppliers and independent services suppliers. Also in 2024, the average processing time of a visitor visa application decreased from 56 to 28 days.",CAN
23,Canada,2023,PSENG,"Previously, rules regulating access to the PSENG profession stipulated that at least 12 months of the required 48-month professional experience must have been acquired in a Canadian jurisdiction. Effective 1 November 2023, this requirement has been lifted by amendments to the Professional Engineers Act R.R.O. 1990, Regulation 941: General, thereby easing the conditions for foreign PSENG professionals. In addition, the average processing time of a business visa application decreased from 192 to 56 days in 2023.",CAN
24,Canada,2022,Investment,"On 2 August 2022, the Regulations Amending the National Security Review of Investments Regulations came into force. These Regulations provide an option for non-Canadian investors to obtain preimplementation regulatory certainty with respect to a national security review of investment that do not require a filing under the Investment Canada Act.",CAN
25,Canada,2021,TC,"The TC sector saw a series of changes in 2021, including allowing mobile carriers to access existing carriers’ networks and to implement seamless roaming as part of their wholesale roaming service.",CAN
26,Canada,2021,TC,"In April 2021, the Canadian Radio-television and TC Commission issued a series of reforms in the TC regulations following a review of mobile wireless services. In particular, the policy CRTC 2021-130 allowed regional mobile carriers to access the networks of the four existing carriers in Canada. Rates between regional mobile carriers and existing carriers are commercially negotiated between the parties and the service is mandated for seven years.",CAN
27,Canada,2019,TC,"Since 2019, contracts for universal services obligations in the TC sector are assigned on a competitive basis, which reduces barriers to competition. Regarding DS services, since 2019 the pre-packaging of products is no longer subject to mandatory nominal quantities in DS services.",CAN
28,Canada,2018,TRAIR,"As of May 2018, Bill C-49, an amendment to the Canada Transportation Act, eased foreign ownership restrictions by lifting the foreign equity limit in the TRAIR sector from 25 to 49%. However, the voting share limits in Canadian airlines for individual foreign investors and foreign air carriers collectively remain at 25%.",CAN
29,Chile,2024,Procurement,"From December 2024, amendments to the public procurement regime eliminated the previous tender threshold of UTM 1 000 (approximately USD 66 221) and established public tender as the general rule, with some exceptions. Among these exceptions, there are provisions that provide more favourable conditions for local firms, for instance by empowering contracting entities to give priority or preference for local providers.",CHL
30,Chile,2023,Tax,"In 2023, Chile raised the value for its de minimis regime, now exempting from import duties and internal tax imported goods not exceeding USD 41.",CHL
31,Chile,2022,TRROF,"In 2022, Chile adopted UNECE’s Model Regulations on the Transport of Dangerous Goods for the TRROF sector. During the same year, a new Law of Migration and Foreigners (Ley Nº 21.325 de Migración y Extranjería) entered into force, aiming to restructure the types of permits for foreigners and to stipulate the related procedures and conditions. The new law brings several changes, including in the institutional framework and application process. It also extends the general validity of permits from 12 to 24 months for contractual and independent services suppliers. The duration of visas for crews in the air, TRMAR and TRROF transport sectors also increased from 1 to 3 months. In May 2022, Supreme Decree No. 177 was published; it created 16 different types of permits for temporary residence in Chile, including permits relevant to foreign services providers.",CHL
32,Chile,2017,ALLSEC,"In 2017, Chile revised its customs regulation, introducing inter alia an Authorised Economic Operators Scheme open to foreign firms and authorising the release of goods before the determination and payment of duties.",CHL
33,"China, People’s Republic of",2024,Investment,"In August 2024, China updated the Special Administrative Measures for Foreign Investment Access (Negative List) which was last reviewed in 2021. While this update eased investment conditions related to manufacturing industries, the pre-existing requirements on key services sectors included in the Negative List remained largely unchanged. However, in October 2024, China announced a new pilot program for the expansion of foreign investment in value-added TC services across several regions including Beijing, Shanghai, Hainan, and Shenzhen. In March 2024, the Cyberspace Administration of China adopted the Regulations on Promoting and Regulating Cross-border Data Flow which provided further clarification on what types of data must undergo this assessment.",CHN
34,"China, People’s Republic of",2023,CO,"In response to the COVID-19 pandemic, China restricted the entry of foreigners as of March 2020. As of 15 March 2023, China resumed visa applications for travel. In April 2023, China abolished certain restrictions on branches of foreign CO companies.",CHN
35,"China, People’s Republic of",2022,ALLSEC,"On 7 July 2022, China released new Measures for Security Assessment for Outbound Data Transfer that came into force on 1 September 2022. These measures provide greater clarity on the security assessment of important data and personal information collected and generated during operations within China and transferred abroad by a data handler.",CHN
36,"China, People’s Republic of",2021,ALLSEC,"The Special Administrative Measures for Access of Foreign Investment (Negative List) (2021 edition) entered into force in January 2022. On 10 June 2021, China adopted a new Data Security Law which covers new rules related to data activities by businesses operating in the country. China’s new Foreign Investment Law came into effect on 1 January 2020, consolidating and replacing several previous laws governing foreign investments. Moreover, it removed the requirement for foreign investments in services sectors listed on the Negative List to demonstrate \""remarkable economic benefits\"" to China’s national economy. However, China introduced in January 2021 tighter rules for reviewing foreign investment on grounds of national security.",CHN
37,"China, People’s Republic of",2020,FSINS,"The 2020 edition of the Special Administrative Measures for the Access of Foreign Investment (Negative List) issued by the Ministry of Commerce and the National Development and Reform Commission introduced liberalisation measures of foreign ownership and the legal form of non-resident companies in life FSINS services, and eased the conditions for registered capital by foreign firms to operate in all economic sectors of the country.",CHN
38,"China, People’s Republic of",2018,TRMAR,"The Negative list was first introduced and came into effect on 28 July 2018, replacing sections of the 2017 Catalogue of Industries for Guiding Foreign Investment. Compared to the 2017, the 2018 list relaxed or removed restrictions on foreign investment in several areas, including legal, FSINS, TRMAR transport, and logistics cargo-handling services. However, services sectors included in the Negative List remain subject to government approval and sector-specific requirements.",CHN
39,"China, People’s Republic of",2019,TRMAR,"The 2019 update of the Negative List introduced liberalisation in services sectors, such as transportation or value-added TC. The limitation of 49% equity for foreign participation in domestic TRMAR transport was lifted, together with previous requirements related to joint ventures in this sector.",CHN
40,"China, People’s Republic of",2019,Investment,"On 15 March 2019, China’s National People’s Congress (NPC) passed the Foreign Investment Law of the People’s Republic of China, which entered into force on 1 January 2020. This new law replaces three previous laws that regulated foreign investment enterprises, i.e. the Law on Sino-Foreign Equity Joint Ventures, the Law on Wholly Foreign-Owned Enterprises, and the Law on Sino-Foreign Cooperative Joint Ventures.",CHN
41,"China, People’s Republic of",2017,ALLSEC,"A Cybersecurity Law entered into effect in 2017, introducing new restrictions that affect transfers of data abroad. This law remains the main framework that regulates cross-border transfers of data.",CHN
42,"China, People’s Republic of",2016,Investment,"In September 2016, the general requirement for prior approval of foreign investment was replaced with an online notification requirement. In the same year, the Telecom Business Classification Catalogue introduced the mandatory resale of mobile communication services, while in professional services the applicable standards on fee setting were eased. Nationality requirements for directors of PSACC and auditing firms were lifted, but residency requirements were maintained.",CHN
43,Colombia,2024,ASBRD,A 2024 update of the regulatory framework for the audiovisual industry maintained the requirement that 10% of television airtime must be dedicated to Colombian films but eased slightly the requirements to reach the quota.,COL
44,Colombia,2024,Digital,"From 1 January 2024, Colombia applies a new taxation regime on foreign providers of digital services whereby such providers with a significant presence in Colombia are subject to income tax. The legislation outlines two ways to fulfil the income tax obligation: by paying a 10% withholding tax on the total value of the payment, or by paying the general 35% income tax, plus an additional 3% on the total gross income derived from the sale of goods and/or the provision of digital services. Notably, certain services, such as the ASBRD of visual content not specifically delivered from abroad, are subject to a lower withholding tax rate of 4% under the Tax Code.",COL
45,Colombia,2022,ALLSEC,"In 2022, Colombia reformed its visa system and established labour market tests for foreign contractual and independent services suppliers to be granted a Visa V Prestador de Servicios, Obra o labor. A letter of motivation from the hiring party indicating the reasons why a Colombian citizen was not hired for the activity became a requirement. In that same year, the time to process a business visa application increased from 5 to 30 days, and the number of documents needed to obtain the visa increased from five to six; the additional requirement related to any criminal record of the applicant issued by the country of residence.",COL
46,Colombia,2021,CR,"In 2021, Colombia narrowed its de minimis regime for internal tax on goods imported via postal services, urgent shipments, or fast delivery with a value that did not exceed USD 200. Previously, the regime applied to all countries, but a reform restricted it to goods arriving from countries with which Colombia has a Free Trade Agreement in force.",COL
47,Colombia,2019,All Logistics,"Decree 1165 of 2019 introduced several reforms in Colombia’s customs regime and, in particular, clarified the registration or authorisation regime applicable to logistics service providers, including customs brokers (authorisation regime), freight forwarding (registration regime), and warehousing activities (habilitacion regime).",COL
48,Colombia,2017,Immigration,"A new transparency requirement was introduced in 2017 to promote public participation. In that same year, Colombia passed an immigration reform to streamline the immigration process. This reform prolonged the duration of stay of only certain visa categories, such as intra-corporate transferees, who according to the new “V” type visa are allowed to stay for up to two years (down from three years). In 2016, Decree 390 imposed a minimum warehouse surface for postal operators and introduced an obligation for CR services operators to be available 24/7.",COL
49,Colombia,2015,FSBNK,"In 2015, the Financial Superintendence gained financial autonomy.",COL
50,Costa Rica,2023,Professional,"In 2023, Costa Rica suppressed price regulation (in the form of maximum fees) in certain professional services, including auditing, legal and PSENG services. Some of these reforms have, however, been contested in court and their application is currently suspended; the exception is auditing services. Furthermore, Costa Rica repealed a 10% import tax on imported beer, which had been in effect since 1936. The new regulation ensures that both national and imported beer are subject to the same tax treatment. Finally, from 2023, online tax registration and declaration is also available to non-resident foreign providers (previously only to Costa Rican nationals and Costa Rican firms).",CRI
51,Costa Rica,2022,Logistics,"In 2022, Costa Rica introduced liberalising reforms for trade and investment in several sectors, in particular for the logistics and TC services sectors. Regarding logistics services, customs brokers and freight forwarding providers are no longer required to have a local office or designate a local representative to provide services in the country and a de minimis regime for import duties with value equal or inferior to USD 100 has been established. In TC services, the new public procurement law abolished previous exceptions that allowed the Costa Rican Institute of Electricity (ICE) – a major TC services provider – to exclude certain agreements with foreign companies from ordinary procurement processes.",CRI
52,Costa Rica,2021,Procurement,The 2021 public procurement law continues to include preferences for local SMEs. This law also applies to CR services that were excluded from the previous general public procurement law.,CRI
53,Costa Rica,2019,FSBNK,"Between 2019 and 2021, Costa Rica adopted a series of reforms lifting the restriction on foreign branches of commercial banks. As of 2020, restrictions on advertising no longer apply to architecture and PSENG services. In 2017, Costa Rica ratified the United Nations Convention on Contracts for the International Sale of Goods, aligning national contract rules for cross-border transaction to internationally standardised rules. Since 2016, foreign PSACC professionals who have a local or recognised degree are no longer required to take a local examination. In 2015, the Ley de Garantias mobiliarias introduced a securities system to facilitate the creation, publicity and execution of warranties; this has contributed to further liberalising the FSBNK sector.",CRI
54,Czechia,2024,Labor,"From July 2024, the labour market test applicable to contractual services suppliers has been streamlined by eliminating the previously applicable 10 or 30-day waiting period; the foreign worker can now submit an application for an employee card as soon as the notified vacancy has been published.",CZE
55,Czechia,2021,Investment,"In February 2021, a new Act on the Examination of Foreign Investments entered into force, creating new screening mechanisms of foreign direct investment based on national security considerations. These new screening provisions apply to sectors such computer services, telecommunication, ASBRD, TRROF transport, and TRRAI freight transport services.",CZE
56,Czechia,2017,TRRAI,"In April 2017, the Regulatory Body for Access to Transport Infrastructure (Úřad pro přístup k dopravní infrastruktuře) was established as an independent regulator to oversee access to the TRRAI infrastructure for TRRAI transport operators. Changes resulting from EU law are described under the European Union heading in this Annex.",CZE
57,Denmark,2024,CR,"In 2024, Denmark amended its Postal Act to abolish the universal service obligations previously applicable to CR services. Therefore, there is no longer any preferential tax treatment or subsidies provided to the designated postal operator.",DNK
58,Denmark,2023,Labor,"Since 2023 and subject to specific conditions, non-EU/EEA nationals do not need a work permit to work in Denmark for short periods of time if they are employed in a company established abroad that is affiliated with a company established in Denmark. Also in 2023, Denmark broadened the scope of its foreign investment screening mechanism and amended the related authorisation process.",DNK
59,Denmark,2022,Investment,"Following an amendment to the Companies Act in July 2022, foreign, non-EU/EEA, companies with certain corporate forms are no longer restricted in establishing branches in Denmark (previously allowed only on the basis of an existing international agreement or reciprocity).",DNK
60,Denmark,2021,Investment,"As of 1 July 2021, Denmark introduced a mandatory investment screening process for non-EU investments with shares of at least 10% in sensitive sectors of national security or public order. These include investments related to certain IT sectors, critical technology, and critical infrastructure. Screening is carried out by the Danish Business Authority. The new law applies to investments made after 1 September 2021.",DNK
61,Denmark,2020,ALLSEC,"The number of documents required to obtain a business visa increased from 7 to 13 in 2020, representing an additional hurdle to business travel. Changes resulting from EU law are described under the European Union heading in this Annex.",DNK
62,Estonia,2023,Investment,"As of 1 September 2023, certain non-EU foreign investment projects require authorisation under Estonia's new Foreign Investment Reliability Assessment Act. Among the target undertakings covered by this screening mechanism are providers of vital services (including digital identification and digital signing, phone services, mobile phone services, and data transmission services, payment services), operator of an Estonian TRMAR port belonging to the trans-European transport network, TRRAIway infrastructure manager who operates a public TRRAIway, providers of national television or radio services, and providers of ondemand audiovisual media services.",EST
63,Estonia,2023,Professional,"The minimum capital requirement for private limited companies, with the exception of auditing firms, was lifted effective 1 February 2023. However, public limited companies continue to be subject to a minimum capital requirement of EUR 25 000, as required by Directive (EU) 2017/1132.",EST
64,Estonia,2022,Logistics,"As of 18 June 2022, cross-subsidisation regarding cargo-handling services at airports was prohibited.",EST
65,Estonia,2021,Professional,A commercial presence requirement for cross-border supply of services in a wide range of sectors was abolished as of 31 December 2021.,EST
66,Estonia,2017,Labor,"In 2017, the duration of stay for intra-corporate transferees was extended from 24 to 36 months, while in 2018 the duration of stays for independent services suppliers was extended from 24 to 60 months. Changes resulting from EU law are described under the European Union heading in this Annex.",EST
67,European Union,2024,ALLSEC,"On 11 June 2024, the cost of business visitor visas increased from EUR 80 to EUR 90 in countries participating in the Schengen area, pursuant to the entry into force of Commission Delegated Regulation (EU) 2024/1415.",not found
68,European Union,2022,Procurement,"From 29 August 2022, Regulation (EU) 2022/1031, the European Union's new International Procurement Instrument (IPI), enables the European Commission to undertake investigations into alleged third-country measures or practices that impede access of EU economic operators, goods and services to the thirdcountry public procurement market; enter into consultations with the third countries concerned; and, if the Commission determines the existence of a restrictive measure or practice which has not been removed despite consultations, adopt a so-called IPI measure in the form of an implementing act to restrict access to EU public procurement markets by economic operators, good or services from the third country applying the restrictive measure or practice. The IPI measure shall only apply to public procurement procedures with an estimated value equal to or above EUR 15 000 000 net of VAT for works and concessions, and equal to or above EUR 5 000 000 net of VAT for goods and services. Exemptions for goods and services originating in least developed countries also apply. At this stage, no IPI measure has been adopted by the European Union.",not found
69,European Union,2021,TC,"In TC, maximum EU-wide voice termination rates defined by Commission Delegated Regulation (EU) 2021/654 became applicable on 1 July 2021. These maximum termination rates generally do not apply to calls originating from countries outside of the European Union.",not found
70,European Union,2021,TRAIR,"In TRAIR, a series of temporary rules allowing airlines to retain historic slots, even if not using these slots according to the 80/20 grandfathering rule, were in place from 1 March 2020 to 25 March 2023 in view of reduced air traffic due to the COVID-19 pandemic. As of 26 March 2023, these slot relief rules were no longer in force.",not found
71,European Union,2020,Procurement,Revisions in the EU Customs Code in 2020 included an increase in the cost of business visitor visas (Schengen visas) from EUR 60 to EUR 80.,not found
72,European Union,2019,Investment,"On 19 March 2019, the European Union adopted Regulation (EU) 2019/452 that allows EU Member States to maintain, amend or adopt mechanisms to screen foreign direct investments in their territory on grounds of security or public order. It applies from 11 October 2020.",not found
73,European Union,2019,Procurement,"In March 2019, Regulation (EU) 2017/352 establishing a framework for the provision of port services and common rules on the financial transparency of ports entered into force, harmonising rules related to the provision of port services.",not found
74,European Union,2018,Data,The new EU General Data Protection Regulation (Regulation (EU) 2016/679) entered into force on 25 May 2018; it provides a comprehensive update on the EU data protection regime.,not found
75,European Union,2016,Data,"Regulation (EU) 952/2013 revised the conditions, including on economic needs, that apply to authorisations for the operation of storage facilities for the customs warehousing of goods. These changes entered into force in 2016.",not found
76,European Union,2016,Data,"In 2016, Directive (EU) 2016/943 harmonised the protection of undisclosed know-how and business information.",not found
77,Finland,2023,FSBNK,"Rules regulating consumer credit were tightened from 1 October 2023. The contractual interest rate of consumer credit cannot exceed 15% (previously 20%). Additionally, a temporary measure in response to the COVID-19 pandemic prohibited direct marketing of consumer credit and credit intermediation services. This measure, in force as of July 2020, expired in October 2021.",FIN
78,Finland,2023,Professional,"The new Economic Activities Act, in effect from 1 June 2023, specifies the conditions whereby the Finnish Patent and Registration Office must grant approval to a Finnish branch of a foreign company. However, branches of non-EEA firms continue to be subject to approval, and, as under the previous act, Finnish branches of such foreign firms must appoint a representative who resides in Finland.",FIN
79,Finland,2021,ASBRD,An amendment to the Law on the Information Society entered into force on 1 January 2021; it requires that providers of on-demand audiovisual media services have at least a 30% share of European works in their catalogue and ensure prominence of those works in accordance with Directive 2010/13/EU.,FIN
80,Finland,2021,TRMAR,"Since July 2021, double registration of a foreign vessel under the Finnish flag is allowed in those cases where the foreign vessel which is registered in the ship register of another state in terms of ownership is chartered to Finland under a bareboat charter agreement (bareboat-in cases). The charterer has to be a Finnish or EEA citizen or corporation.",FIN
81,Finland,2020,ALLSEC,"In 2020, Finland introduced new conditions for non-EU/EEA individuals and entities seeking to buy real estate in the country.",FIN
82,Finland,2016,DS,"In the DS sector, shop-opening hours were deregulated and labelling standards were reformed in 2016. Destia, a major state-owned CO enterprise, was privatised in 2014. Changes resulting from EU law are described under the European Union heading in this Annex.",FIN
83,France,2024,Investment,"As part of the reinforcement of France’s investment screening mechanism, the temporary 10% threshold for non-EU investors acquiring shares or voting rights in listed companies, introduced in July 2020, was made permanent in 2024.",FRA
84,France,2023,DS,"Since 2023, a new regulation imposes the application of French law on retailing contracts that involve products destined for French retailers’ shelves.",FRA
85,France,2019,Procurement,"In 2019, the public procurement regulation was modified to extend non-discriminatory treatment in the public procurement process to all foreign entities.",FRA
86,France,2016,TRMAR,"SNCM, a major firm in the TRMAR sector, ceased its activities in January 2016. Since 2015, foreign transport companies seeking to provide cross-border transport services to France must submit a notification to the labour inspectorate indicating where the service will be provided (Déclaration préalable de détachement transnational). Credit registry with equal access to all lending institutions was revoked in 2015. Changes resulting from EU law are described under the European Union heading in this Annex.",FRA
87,Germany,2024,ALLSEC,"In 2024, the number of required documents for obtaining a business visa increased from 15 to 17.",DEU
88,Germany,2021,ALLSEC,"In 2021, Germany introduced the One-Stop-Shop (OSS) which allowed for online registration and declaration of VAT for a wide range of activities. Changes resulting from EU law are described under the European Union heading in this Annex.",DEU
89,Greece,2024,Labor,"In 2024, the maximum duration of stay for foreign suppliers was increased from 24 to 36 months upon the initial entry permit, although specific rules continue to apply e.g., intra-corporate transferees. Additionally, the previous requirement for non-EU/EEA nationals employed to promote products and provide technical support to foreign companies and consumers to demonstrate a minimum of two years of professional experience was abolished.",GRC
90,Greece,2023,FSBNK,"In commercial FSBNK services, the creation of a credit registry with equal access to all lending institutions was confirmed through an Act of the Governor of the Bank of Greece in June 2023.",GRC
91,Greece,2019,FSBNK,"In September 2019, capital control measures limiting the free outflow of money and foreign exchange transactions were lifted. In 2018, the limitation on the duration of stay for independent services suppliers was extended from 24 to 36 months. Changes resulting from EU law are described under the European Union heading in this Annex.",GRC
92,Hungary,2020,Investment,"In the context of the COVID-19 pandemic, Hungary introduced a temporary foreign investment screening mechanism to protect public security, and public order and health. This applies to certain sectors included in Government Decree 289/2020. The applicability of the temporary screening mechanism was extended subsequently.",HUN
93,Hungary,2019,Investment,"On 1 January 2019, the new Law on the Control of the Foreign Investments Offending the National Security of Hungary entered into force. This law establishes a verification procedure of investors’ conformity with national security interests (pre-screening procedure) for specific activities. As of 2016, intra-corporate transferees from third countries can stay in Hungary for up to 12 months on their initial permit. Since 2015, Hungary has applied quotas on work permits for natural persons who do not have an EU nationality and who are travelling on a temporary basis to Hungary. Changes resulting from EU law are described under the European Union heading in this Annex.",HUN
94,Iceland,2024,ALLSEC,"On 11 June 2024, the cost of business visitor visas increased from EUR 80 to EUR 90 in countries participating in the Schengen area.",ISL
95,Iceland,2021,FSBNK,"In June 2021, a new Foreign Exchange Act came into force, removing the last of the capital account restrictions imposed since November 2008. Foreign exchange transactions, cross-border payments, and capital movements are now unrestricted.",ISL
96,Iceland,2020,CR,"In January 2020, the state's monopoly on letters weighing less than 50 grammes was abolished. In the same year, the Financial Supervisory Authority became part of the Central Bank of Iceland. The length of term for heads of the Authority was extended to five years, compared to four years before.",ISL
97,Iceland,2019,ALLSEC,"The number of documents required to obtain a business visa increased from 7 to 13 in 2019, representing an additional hurdle to business travel. From 2023, the number of documents required is 12.",ISL
98,Iceland,2019,Copyright,"Iceland reformed its copyright enforcement regime, abolishing a statutory monopoly in copyright management in sound recording and aligning its regulation of copyright management and subsidies in the film industry with EU Directives. Deregulation of mobile TC services took effect in 2017 and in 2018 for fixed line TC. However, the restrictions on movement of people introduced in 2017 limit access for contractual services suppliers to education and R&D activities. These measures include conditioning work permits for intra-corporate transferees and independent services suppliers to the purchase of local health FSINS.",ISL
99,India,2024,CR,"In 2024, India revoked the exclusive privilege of India Post to convey letters within CR services, effectively ending its monopoly in this market segment. India also removed the 2% equalisation levy on non-resident digital service providers that was applied from 1 April 2020 to 31 July 2024.",IND
100,India,2023,Data,"In 2023, India adopted a new Digital Personal Data Protection Act. As under previous rules, the crossborder transfer of personal data is only possible to countries that ensure the same level of data protection as the data sender in India. Under the new Act, the central government may restrict the transfer of personal data to a country or territory outside India through a notification.",IND
101,India,2023,Legal,"The Bar Council of India Rules for Registration and Regulation of Foreign Lawyers and Foreign Law Firms in India, also adopted in 2023, allow foreign lawyers and foreign law firms to apply for registration to practice law in India in non-litigious matters, subject to a reciprocity condition. The Rules also codify the temporary licensing regime for foreign lawyers, previously based on jurisprudence. A foreign lawyer or foreign law firm may practice on a “fly in and fly out basis” for the purpose of giving legal advice to a client in India regarding foreign law as well as on diverse international legal issues, subject to conditions.",IND
102,India,2022,TRAIR,Government-owned airlines Air India and Air India Express were privatised in January 2022.,IND
103,India,2020,Investment,"In 2020, India eliminated pricing guidelines for transfers of shares between residents and non-residents, lowering barriers to services trade horizontally in ALLSEC. The year 2020 also saw the introduction of regulation on non-discriminatory interconnection rates in the TC sector. Self-handling for air cargo operators was allowed in 2019. In 2018, several cabotage restrictions were lifted in TRMAR transport.",IND
104,India,2018,Data,"Since 2018, all payment system operators in India are required to ensure that data related to payment systems operated by them are stored only in the country.",IND
105,India,2017,Digital,"In 2017, India tightened its services regime by introducing an equalisation levy of 6% on purchases of online advertising services from non-resident companies. Minimum capital requirements for establishing a company were eliminated in most sectors in 2016.",IND
106,India,2015,FSINS,"In 2015, India lifted foreign equity limits from 26% to 49% in the FSINS sector and foreign branches were permitted in reFSINS. Further investment liberalisation took place in 2016 when foreign equity limits were removed for airport services and cable and satellite ASBRD, and foreign equity limits were eased in civil aviation.",IND
107,Indonesia,2024,FSINS,"In 2024, Indonesia slightly tightened the conditions for foreign legal entities' ownership of Indonesian FSINS and reFSINS companies through direct and indirect participation by introducing a new criterion to supplement previously applicable ones. The foreign legal entity must now also have a minimum rating of A or equivalent from an internationally recognised rating agency.",IDN
108,Indonesia,2023,Digital,"In 2023, Regulation No. 31/2023 of the Ministry of Trade introduced new restrictions, including the prohibition for social media platforms to carry out e-commerce transactions and the obligation for foreign e-commerce platforms to apply a minimum price of USD 100 to their sales. The same regulation mandates that foreign e-commerce platforms set up a local presence in Indonesia to engage in cross-border services trade whenever a number of conditions are realised, including if the platform is visited by at least 1% of domestic internet users within a one-year period. Additionally, in accordance with the latest implementation regulation of Immigration Act No. 6/2011, as outlined in Government Regulation No,40/2023, visa on arrival is no longer available for the temporary entry of crew involved in motion pictures, ASBRD and sound recording services. Moreover, all documentation requirements for domestic and international travellers in the context of TRAIR services, including the use of the SATU SEHAT application and the presentation of a COVID-19 vaccination certificate, have been eliminated.",IDN
109,Indonesia,2021,Investment,"Presidential Regulation No. 10 of 2021 took effect in March 2021; it sets out important new regulations on foreign investment, replacing Presidential Regulation No. 44 of 2016 that introduced a negative list for investment regulation. Among others, the new regulation lifts the maximum foreign equity shared allowed for CO services and reduces the number of sectors that are closed to foreign investment. However, in some cases such as TRAIR services, the new regulation has introduced more stringent conditions, such as lowering the foreign equity limit to 49% after it had been raised to 67% in the 2016 regulation. The new positive investment list introduced by Presidential Regulation No. 10 of 2021 was updated by Presidential Decree 49/2021.",IDN
110,Indonesia,2020,Investment,"The new investment regulation was one of the implementing measures introduced as a result of the 2020 Law No. 11 Omnibus Law on Job Creation, which aimed to improve conditions for foreign investment.",IDN
111,Indonesia,2018,PSACC,"As of 2018, the foreign equity limit in PSACC firms was lowered to 20%, from 49% previously. However, the law requires that one half of all partners to be licensed accountants. In addition, technical specifications related to the use of local products and national standards affect the conditions of competition in favour of local providers in public procurement in the CO sector.",IDN
112,Indonesia,2017,Logistics,"In 2017, favourable conditions for the release of imported goods before determination and payment of duties benefitted DS, CR and logistic services. In the same year, Indonesia revoked minimum capital requirements for TRMAR transport service. However, the CO Act of 2017 imposed nationality requirements on the management of CO and architecture companies.",IDN
113,Indonesia,2016,Investment,"Indonesia has fully or partially opened several sectors to foreign investment under the 2016 Negative Investment List. These include airfreight transport, logistics services, TC, audio-visual services, and architecture and PSENG services. Minimum capital requirements were removed in 2016.",IDN
114,Ireland,2024,PSACC,"Starting from 2024, applications for a license to provide PSACC services can be submitted in electronic format.",IRL
115,Ireland,2023,ALLSEC,"In 2023, the general processing time for a business visa temporarily increased from 10 to 15 days, affecting the movement of business travellers across services sectors. In 2024, the processing time is 12 days.",IRL
116,Ireland,2022,FSBNK,"In commercial FSBNK, the Consumer Credit (Amendment) Act 2022 introduced caps on interest rates for high cost credit agreements.",IRL
117,Ireland,2020,ALLSEC,"In 2020, Ireland shortened the procedure time for issuing visas, which improved the regulatory transparency for business in ALLSEC.",IRL
118,Ireland,2019,Legal,"Since 2019, law firms have been permitted to operate under the limited liability partnership model.",IRL
119,Ireland,2016,FSINS,"In 2016, Ireland introduced a timeframe of six months within which the Central Bank of Ireland, the sector regulator, must decide on applications for authorisations to provide FSINS services. Changes resulting from EU law are described under the European Union heading in this Annex.",IRL
120,Israel,2022,CR,"In September 2022, the Ministerial Committee for Privatization Matters decided to privatise the Israel Postal Company Ltd., whose shares had been entirely owned by the government. The process of selling the government’s shares progressed in 2023, with a deadline for receiving private investment bids by September 2023. New guidelines were introduced for setting prices of postal services.",ISR
121,Israel,2019,Investment,"In 2019, Israel established an advisory committee to assess the national security implications of foreign investment in certain sectors, such as the finance, communications, infrastructure, transportation, and energy sectors.",ISR
122,Israel,2018,ASBRD,"In 2018, conditions affecting foreign ownership of terrestrial ASBRD companies were eased by raising foreign equity limits to 74% from 49%. A temporary licencing procedure for foreign architects and engineers was also put in place. The residency requirement for two-thirds of board members of commercial banks was lifted in 2017. In 2016, the Capital Market, FSINS and Savings Authority, the sector regulator for FSINS services, became independent of the Ministry of Finance.",ISR
123,Italy,2024,TC,"Since January 2024, following the implementation of Resolution n.13/22/CONS, there is no longer a dominant firm in the market for wholesale fixed call origination. The previous obligations for Telecom Italia have been suspended, and the markets for collection and termination services on the fixed network have been deregulated. However, there are still obligations for operators with regard to access to and use of certain resources, non-discrimination, transparency, and price control.",ITA
124,Italy,2022,Investment,"In March 2022, Italy amended its foreign investment review mechanism through Law-Decree No. 21/2022 which introduced measures in response to Russia’s war of aggression against Ukraine. This measure was initially foreseen as temporary, but was made permanent in May 2022 through Law No. 51/2022. The changes broaden the scope of review of foreign acquisitions of companies in strategic sectors, such as TC, energy, transport, or finance, as well as the review of greenfield investments in companies holding assets in strategic sectors. Moreover, the definition of non-EU individuals and entities has been revised and broadened. Clearance is now mandatory for equity interests exceeding specified thresholds by any investor other than the Italian state or any Italian public or publicly controlled entities in sectors deemed of national interest.",ITA
125,Italy,2022,Investment,"On 1 August 2022, the President of the Council of Ministers adopted Decree No. 133, which seeks to speed up the foreign direct investment (FDI) screening procedures and introduce a pre-filing procedure for FDI transactions in strategic sectors.",ITA
126,Italy,2020,TRAIR,"Through Law-Decree 17 March 2020 No. 18 (Article 79), the Italian Government authorised the incorporation of a new state-owned company, Italia Trasporto Aereo, to save Alitalia from bankruptcy, with an initial capital of EUR 20 million. ITA Airways commenced operation in October 2021. It is entirely owned by the Ministry of Economy and Finance. However, a concentration operation which provides for the entry of a foreign private company into the capital of ITA Airways was formally notified to the European Commission in November 2023.",ITA
127,Italy,2020,Investment,"Since December 2020 and within the framework of Regulation (EU) 2019/452, Italy has regulated the possibility for foreign investments in sectors such as CO, PSENG, and audiovisual services to be subject to screening mechanisms in view of their strategic importance and national security considerations.",ITA
128,Italy,2017,FSBNK,"In 2017, Italy adopted a modification to the Consolidated Law on FSBNK, introducing restrictions on branches of non-EU foreign banks. Moreover, since September of the same year, the Ministry of Economics and Finance acquired control of a major firm in the sector. In 2019, Italy enacted requirements for the commercial presence of non-EU foreign banks within the framework of the EU Directive 2013/36/EU.",ITA
129,Italy,2017,Labor,"In 2017, Italy implemented Directive 2014/66/EU concerning intra-corporate transferees from non-EU countries. The maximum stay for intra-corporate transferees was reduced from five to three years. Other changes resulting from EU law are described under the European Union heading in this Annex.",ITA
130,Japan,2020,Legal,"In 2020, Japan relaxed its requirements for professionals who wish to practice foreign law in Japan as Foreign Registered Lawyers, by allowing up to two years of practice in Japan to be counted toward the three-year post-qualification experience requirement. Under the same amendment, the Foreign Registered Lawyers are allowed to establish legal professional corporations jointly with locally licensed Japanese lawyers. The latter amendment came into force in 2022.",JPN
131,Japan,2020,ALLSEC,"In April 2020, as part of the response measures to the COVID-19 pandemic, Japan suspended the validity of existing business visas and halted the issuance of new ones, with the exception of a few cases. The restrictions for business travel were lifted with certain conditions in March 2022, and in October 2022 for all types of travel.",JPN
132,Japan,2021,DS,"Since June 2021, the Food Sanitation Act provides that food hygiene controls for all food business operators must be based on Hazard Analysis and Critical Control Point (HACCP) principles.",JPN
133,Japan,2017,Customs,"In 2017, Japan amended the Customs Business Act to eliminate the need for a dedicated customs broker in each office and the economic need tests for authorising business licenses. Also in 2017, a new data protection law entered into force. In 2015, Japan abolished a previous requirement for domestic company registration that at least one of the representative directors must reside in Japan.",JPN
134,Japan,2022,Legal,The latter amendment (allowing Foreign Registered Lawyers to establish legal professional corporations jointly with locally licensed Japanese lawyers) came into force in 2022.,JPN
135,Japan,2022,ALLSEC,"The restrictions for business travel were lifted with certain conditions in March 2022, and in October 2022 for all types of travel.",JPN
136,Japan,2017,Customs,"In 2017, Japan amended the Customs Business Act to eliminate the need for a dedicated customs broker in each office and the economic need tests for authorising business licenses. Also in 2017, a new data protection law entered into force.",JPN
137,Japan,2015,ALLSEC,"In 2015, Japan abolished a previous requirement for domestic company registration that at least one of the representative directors must reside in Japan.",JPN
138,Kazakhstan,2024,ASBRD,"In the ASBRD sector, from 2024, the new Mass Media Law provides that state television and radio channels can be included in the list of mandatory channels that should be broadcasted by operators, without competitive tender.",KAZ
139,Kazakhstan,2024,TC,"In the TC sector, the setting of the maximum rental tariffs for placing communications equipment, as well as supports of overhead power lines for conducting fibre-optic communication lines, is regulated from 2024. Also from 2024, foreign banks must ensure that their local branches have set up their data processing centres (servers) on the territory of the Republic of Kazakhstan.",KAZ
140,Kazakhstan,2023,CO,"In the CO sector, a joint venture with a local entity used to be a prerequisite for benefitting from a simplified procedure for obtaining a CO permit, but this scheme was repealed in 2023. In the TC sector, as of 2023, an operator may only connect to the public telecommunication networks after installation of specific hardware and/or software on the switching equipment that enables the collection, storage, and provision of information on subscribers of communication networks and the communication services provided to them to the state law enforcement intelligence services.",KAZ
141,Kazakhstan,2022,Procurement,"As of 2022, participation in public procurement is subject to the applicant’s compliance with the eligibility criteria, including its financial stability, which is evaluated on the basis of information about the applicant’s revenues, paid taxes, capital assets and labour compensation fund for the last three years, retrieved from the local state revenues system, which effectively limits evaluation of the applicant’s activity to the local market. Also as from 2022, an FSINS (reFSINS) firm is prohibited from ceding risks to a foreign reFSINS firm with the participation of two or more foreign FSINS brokers.",KAZ
142,Kazakhstan,2020,FSBNK,"Since 16 December 2020, foreign banks and foreign (re)FSINS companies are allowed to open branches in Kazakhstan. To do this, a foreign bank or foreign (re)insurer must ensure the existence of an agreement between the authorised regulator of the Republic of Kazakhstan and the financial supervision body of the state of origin of the foreign bank or foreign (re)FSINS organisation. At least two executive managers of a Kazakhstani branch of a foreign bank or a foreign (re)FSINS company must be residents of Kazakhstan.",KAZ
143,Kazakhstan,2019,Currency,"Since 2019, a new law on currency control treats branches of foreign companies as ""residents"" requiring them to conduct all transactions with other residents in the local currency. However, it remains possible to perform transactions between a resident and a non-resident in a foreign currency.",KAZ
144,Kazakhstan,2020,CO,"In the CO sector, as of 1 July 2020 design and CO works were removed from the list of public procurement to be conducted by way of tender with prior qualification selection, easing access to foreign suppliers. In the TRMAR services sector, provisions granting the National Sea Shipping Company benefits and preferences for the mandatory services rendered by TRMAR ports was repealed in 2019.",KAZ
145,Korea,2023,Data,"In 2023, amendments to the Personal Information Protection Act (PIPA) were enacted and generally came into effect in September 2023. The amended PIPA allows overseas transfers when the overseas recipient to whom the data is transferred has obtained a data protection certification by the Korean Personal Information Protection Commission (PIPC) and has taken the necessary data protection measures. Transfer to a country deemed by the PIPC to satisfy PIPA levels of data protection is also allowed.",KOR
146,Korea,2022,Investment,"The 2022 Regulations on Operation of Security Review Procedures for Foreign Investment has set the standards for screening of foreign investments, if they fall into one of the categories subject to the security review. In 2024, foreign investment in companies possessing national high-tech strategic technologies were added to the scope of review.",KOR
147,Korea,2020,ALLSEC,"In April 2020, Korea suspended visa-free entry as well as the validity of previously issued visas, including business visas. Applicants needed to re-apply. Business visas remained in principle available but only once the applicant demonstrated an urgent purpose for travel and only for a single entry. All restrictions were lifted in June 2022.",KOR
148,Korea,2020,Data,"In August 2020, Korea introduced significant amendments to the PIPA, including with respect to the treatment of information published under pseudonym, the transfer of certain provisions on personal information from the Act on the Promotion of Information and Communications Network Utilization and Information Protection to the PIPA, and the addition of certain types of information under the scope of “sensitive information”.",KOR
149,Korea,2019,Data,"As of March 2019, foreign IT services providers with no office in Korea must designate a local agent responsible for data privacy compliance.",KOR
150,Korea,2017,Transport,"In 2017, the number of licenses for road transport operators was regulated. In the same year, new requirements were introduced on the acquisition of land and real estate by foreigners.",KOR
151,Korea,2015,FSBNK,"The requirement that foreign investors transfer stocks to Korean national(s) within six months in cases where their registration is cancelled was lifted in 2015. Restrictions on internet FSBNK were also lifted. Conversely, a requirement that only licensed architects may establish an architectural firm was introduced.",KOR
152,Latvia,2023,ASBRD,"Since 2023, applications for a license to provide ASBRD services can be submitted in electronic format.",LVA
153,Latvia,2019,FSBNK,"In 2019, Latvia undertook structural reforms in financial services, modifying the system of supervision. As of January 2017, the fixed telecommunication market segment is deregulated.",LVA
154,Latvia,2014,TC,"Since 2014, Latvia has tightened regulation in a few sectors, most notably in TC and ASBRD services with the introduction of investment screening mechanisms in 2017. Latvia also removed limits on opening hours for airport use for passenger carriers in 2018.",LVA
155,Lithuania,2023,Motion Picture,"In 2023, the government of Lithuania initiated and completed the liquidation of UAB Lietuvos kinas, a stateowned enterprise in the motion pictures services sector.",LTU
156,Lithuania,2018,Motion Picture,"In 2018, new conditions were introduced for obtaining subsidies for movie production. As of June 2017, the market for fixed telephony was deregulated following market analyses by the regulator. Since that same year, foreign professionals are no longer required to take a local exam to become a licensed auditor. Up to 28 November 2017, at least one person of the administration of a company providing FSBNK services had to reside in Lithuania; this requirement has been lifted. In 2016 Lithuania tightened the limitation on the duration of stay for contractual services suppliers, which changed from 36 to 12 months.",LTU
157,Luxembourg,2024,ALLSEC,"In 2024, the number of required documents for obtaining a business visa increased from 9 to 12.",LUX
158,Luxembourg,2021,Legal,"In 2021, the legal services sector in Luxembourg experienced extensive liberalisation in the area of licenses to practice law due to the abolition of nationality and reciprocity requirements.",LUX
159,Luxembourg,2015,FSBNK,"Since December 2015, the approval to establish a branch may be refused if reciprocity for Luxembourg companies is not ensured by national law.",LUX
160,Mexico,2024,Motion Picture,"In 2024, Mexico introduced a special stimulus for investment projects in national film production and DS, limited to Mexican or foreign resident individuals and entities.",MEX
161,Mexico,2023,TRAIR,"In 2023, Aerolínea del Estado Mexicano, S.A. de C.V was created. It is a new majority state-owned company in the Mexican TRAIR service sector.",MEX
162,Mexico,2022,FSBNK,"In 2022, Mexico adopted IFRS 9 for financial instruments, aligning national PSACC standards in the commercial FSBNK services sector with international standards.",MEX
163,Mexico,2020,CO,"In 2020, the adoption of the Ley de Infraestructura de la Calidad (Quality Infrastructure Law) promoted the harmonisation of national CO rules with international standards. This law also required national norms, standards, and verification processes for infrastructure and other relevant CO services to be based on international standards.",MEX
164,Mexico,2019,Tax,"As of June 2019, Mexico reduced the de minimis threshold under which no duties are imposed on imports to USD 50 (down from USD 300), affecting business operations in the DS, logistics and CR services sectors.",MEX
165,Mexico,2017,TRAIR,"In 2017, Mexico rolled back the foreign equity restrictions on domestic TRAIR services; foreign ownership of air companies is now permitted up to 49%.",MEX
166,Mexico,2015,FSINS,"The 2015 financial reform aimed to strengthen prudential regulation, increase credit penetration and promote competition. As a result, foreign financial institutions can now open branches in Mexico to provide FSINS services. Although this possibility is still subject to government authorisation and granted on the basis of reciprocity, it nevertheless increases certainty and clarity on the regulatory environment applied to FSINS services.",MEX
167,Mexico,2015,TRRAI,"Also in 2015, Mexico established an independent TRRAI regulatory agency.",MEX
168,Mexico,2014,TC,"In 2014, the new TC law eased foreign participation in the mobile and fixed-line services segments of the sector. It also introduced a new independent regulator, with exclusive authority over the sector and new sanctioning powers, and a series of pro-competitive measures challenging the dominant position of incumbent firms.",MEX
169,Malaysia,2024,Data,"In 2024, Malaysia adopted amendments to the Personal Data Protection Act that eliminate the previous whitelist approach to cross-border data transfer. Transfers would be possible to any jurisdiction outside Malaysia that has similar data protection laws or ensures an equivalent level of protection. The amendments become fully effective in 2025.",MYS
170,Malaysia,2022,Procurement,"In August 2022, the Government Procurement Method was published; it increases the value of procurement with tender from above RM 200 000 to above RM 500 000. The implementation of eVisas has been gradually extended to different countries over time, and in November 2021 it was extended to all countries.",MYS
171,Malaysia,2015,PSENG,"Malaysia has eased foreign investment conditions in various services, including in TC, professional, DS and CR services. In 2015, the Registration of Engineers (Amendment) Regulations entered into force, allowing full foreign ownership in PSENG firms.",MYS
172,Netherlands,2024,ASBRD,"In 2024, the Netherlands introduced a cultural test for subsidies for audiovisual productions, in the form of a mandatory contribution by on-demand media service providers to the production of Dutch audiovisual products.",NLD
173,Netherlands,2023,Investment,"In 2023, the Netherlands adopted the Act on Security Screening of Investment Mergers and Acquisitions (the Vifo Act) which applies to a broad range of transactions in sectors deemed of national security interest, and for developing technologies. Under the new Dutch scheme, significant influence may be considered present at 10% of voting rights and the framework imposes mandatory notification and clearance by the Dutch Investment Screening Bureau.",NLD
174,Netherlands,2022,Labor,"In 2022, the maximum duration of stay for foreign contractual and independent services suppliers was increased from 12 to 36 months upon the initial entry permit.",NLD
175,Netherlands,2017,FSINS,"The divestment of ASR Nederland N.V., previously a state-owned FSINS provider, was completed in September 2017. The government’s share in ABN AMRO Group N.V. was reduced that same year to 56% (from 63%).",NLD
176,New Zealand,2024,ALLSEC,"In 2024, the average processing time of a business visa application decreased from 19 to 14 days.",NZL
177,New Zealand,2023,ALLSEC,"In 2023, the number of days to obtain a business visa increased from 9 to 19 days, affecting business travellers across services sectors.",NZL
178,New Zealand,2020,Investment,"In response to the COVID-19 pandemic, New Zealand introduced a national interest assessment for foreign direct investment in strategically important businesses in May 2020. In June 2020, the government introduced interest rate regulation for consumer credit contracts.",NZL
179,New Zealand,2019,Tax,"On 1 December 2019, New Zealand abolished its de minimis threshold for online shopping, requiring that most overseas businesses selling goods to consumers in New Zealand charge goods and services tax.",NZL
180,New Zealand,2017,Customs,"In April 2017, the Trade Single Window (TSW) was deployed, including the introduction of a system for pre-arrival processing of shipments. For the motion pictures services sector, a temporary ban on the parallel importation of films for commercial sale for a period of five months from the film’s international release ended on 31 October 2016. In May 2015, the Companies Act 1993 was amended to require all companies to have at least one director domiciled in New Zealand or in an “enforcement country” (currently Australia only).",NZL
181,New Zealand,2019,"Customs, VAT",Abolished de minimis threshold for online shopping; most overseas businesses selling goods to NZ consumers must charge GST.,NZL
182,New Zealand,2020,"Investment, Consumer Credit",Introduced national interest assessment for FDI in strategic businesses (May 2020); regulated interest rates for consumer credit contracts (June 2020).,NZL
183,New Zealand,2023,ALLSEC,"Number of days to obtain a business visa increased from 9 to 19 days, affecting business travellers across services sectors.",NZL
184,New Zealand,2024,ALLSEC,Average processing time of a business visa application decreased from 19 to 14 days.,NZL
185,Norway,2016,"CR, Telecom",CR services liberalised with EU postal directive; fixed line origin deregulated (only EEA operators benefit from regulated termination rates).,NOR
186,Norway,2017,TRRAI freight,Pro-competitive regulations in TRRAI freight; independent appeal body under competition law established.,NOR
187,Norway,2018,"Airlines, Copyright",Government sold all shares in Scandinavian Airlines; new copyright law improved rights protection.,NOR
188,Norway,2019,Investment Screening,New screening mechanism for investments in companies essential to national security interests.,NOR
189,Norway,2020,"VAT, Customs","New VAT scheme for foreign sellers of goods below NOK 3,000; customs duty threshold raised.",NOR
190,Norway,2022,"Finance, Pre-arrival Processing",Ministry of Finance updated delegation to Financial Supervisory Authority; new pre-arrival processing for shipments.,NOR
191,Norway,2023,"PSACC, Auditing, FDI",Residency and office requirements for accountants removed; commercial presence for cross-border auditing not required; broadened investment screening.,NOR
192,Norway,2024,ALLSEC,Cost of business visitor visas increased from EUR 80 to EUR 90 in Schengen area.,NOR
193,Peru,2024,TRMAR Transport,Eased rules for foreign-flagged ships to provide cabotage if no national vessel is available.,PER
194,Peru,2023,PSACC,Abolished authority of regional associations to set minimum fees; fees now set by market conditions.,PER
195,Peru,2021,Financial Services,Introduced requirement to regulate contractual and default interest rates on loans.,PER
196,Peru,2018,PSACC,Audit companies must be comprised of licensed public accountants for registration.,PER
197,Peru,2019,Motion Pictures,Introduced screen quotas for national films.,PER
198,Philippines,2022,"Public Services, FDI, Retail",Lifted foreign ownership limits on key public services; allowed foreign ownership in SMEs; lowered capital for foreign retailers.,PHL
199,Philippines,2019,ALLSEC,Lifted residency requirement for majority of directors in corporations.,PHL
200,Philippines,2014+,Financial Services,Central Bank adopted new measures for FSBNK and payment systems.,PHL
201,Poland,2024,ALLSEC,Number of documents for business visa decreased from 12 to 11.,POL
202,Poland,2021,FSBNK,Applicants must be informed of reasons for denial of licenses.,POL
203,Poland,2019,Labour Mobility,"Introduced quotas for temporary service providers (intra-corporate, contractual, independent).",POL
204,Poland,2018,"FDI, Business Operations",Introduced FDI screening; new law unifies business operations for foreign enterprises.,POL
205,Portugal,2024,Professional Services,"Reforms eased access for foreign practitioners in CO, legal, PSACC; removed nationality/local practice requirements.",PRT
206,Portugal,2023,ALLSEC,Decreased time to process Schengen visa.,PRT
207,Portugal,2022,Auditing,Allowed non-EU auditors to provide services if they have a domiciled representative.,PRT
208,Portugal,2020,ASBRD,Introduced quotas for national and European film productions.,PRT
209,Portugal,2019,Architecture,Repealed reciprocity requirement for foreign architects.,PRT
210,Portugal,2017,ALLSEC,Extended duration of visa for contractual/independent service suppliers from 4 to 12 months.,PRT
211,Portugal,2015,"Architecture, PSENG",Repealed reciprocity for architects; introduced for engineers.,PRT
212,Singapore,2024,FDI,Significant Investments Review Act established new screening for investments.,SGP
213,Singapore,2022,"TRMAR, Telecom",Limited competition law exemption for shipping; deregulated leased lines in telecom.,SGP
214,Singapore,2021,Internet Regulation,Foreign Interference Act empowers government to block harmful content.,SGP
215,Singapore,2017,"Architecture, CR",Allowed foreign architects from MRA jurisdictions; promoted competition in CR/postal sector.,SGP
216,Singapore,2015,Legal,Allowed commercial associations between law practices and other professionals.,SGP
217,Slovak Republic,2024,Architecture,Applications for architecture services can be submitted electronically.,SVK
218,Slovak Republic,2023,FDI,Introduced FDI screening for critical services sectors.,SVK
219,Slovak Republic,2018,"PSACC, CR",Eased recognition of foreign qualifications in PSACC; introduced dispute settlement for CR services.,SVK
220,Slovenia,2020,FDI,Imposed FDI screening on security/public order grounds.,SVN
221,Slovenia,2018,Labour Mobility,Extended intra-corporate transferee stay to 36 months.,SVN
222,Slovenia,2016,Copyright,"New law for collective copyright management based on objective, transparent, non-discriminatory rules.",SVN
223,South Africa,2018,"FDI, FSINS","Protection of Investment Act introduced new FDI restrictions; foreign FSINS branches allowed, must appoint resident officer.",ZAF
224,Spain,2024,TC,State acquired 10% stake in Telefonica S.A.,ESP
225,Spain,2023,"Labour Mobility, FDI",Increased duration of stay for service suppliers; new Royal Decree on FDI screening.,ESP
226,Spain,2022,"Professional Qualifications, Audiovisual, Telecom",Streamlined recognition of foreign qualifications; updated audiovisual and telecom regulations.,ESP
227,Spain,2020,FDI,New rules for FDI screening increased restrictiveness.,ESP
228,Spain,2018,Data Protection,Updated national data protection law to align with EU Regulation.,ESP
229,Spain,2017,TC,Deregulated parts of telecom market.,ESP
230,Spain,2015,FSBNK,Allowed denial of authorization for non-EU credit institutions based on reciprocity.,ESP
231,Sweden,2023,FDI,New FDI screening mechanism for several services sectors.,SWE
232,Sweden,2017,TC,Deregulated fixed-line telephony.,SWE
233,Sweden,2018,TC,Deregulated market for high-quality leased lines.,SWE
234,Switzerland,2024,"ASBRD, FSINS, Visas",Implemented quotas for European films; residency requirement for FSINS; increased Schengen visa cost.,CHE
235,Switzerland,2023,Architecture,Increased business visa processing time for architecture services.,CHE
236,Switzerland,2021,Public Procurement,New law harmonized and updated public procurement regime.,CHE
237,Switzerland,2019,DS,Abolished import monopoly on ethanol over 80%.,CHE
238,Thailand,2019,"Data Protection, Competition",Enacted Personal Data Protection Act (PDPA); fully enforced in 2022; public firms no longer exempt from Trade Competition Act.,THA
239,Türkiye,2024,"Customs, Digital Services",Revised de minimis regime (goods ≤ USD 33 exempt from import duties); new quantitative limits on digital advertising/marketing.,TUR
240,Türkiye,2022,"Labour Mobility, Transparency","Extended stay for service suppliers (ICT: 12→24 months, contractual/independent: 36 months); improved regulatory transparency.",TUR
241,Türkiye,2020,"Local Presence, Telecom, Data",Local presence required for cross-border provision in several sectors; telecoms must set up internet exchange points; local data storage required in some sectors.,TUR
242,Türkiye,2018,FSBNK,Reduced term of heads of FSBNK supervisory authority from five to four years.,TUR
243,Türkiye,2016,"Data Protection, TRRAI Transport",Adopted new law on personal data protection; implemented TRRAI transport liberalization.,TUR
244,Türkiye,2015,E-payments,All e-payment/e-money services must be licensed and have operations in Türkiye.,TUR
245,United Kingdom,2024,TRMAR,Visitor visa fee increased (GBP 100→115); repealed Port Services Regulations (no more account separation requirements).,GBR
246,United Kingdom,2023,FSBNK,Government share in NatWest dropped below 50%.,GBR
247,United Kingdom,2022,"FDI, Immigration",National Security and Investment Act (NSIA) in force; new immigration routes for contractual/independent professionals.,GBR
248,United Kingdom,2021,"Procurement, Air, TRMAR, VAT",Acceded to WTO GPA; liberalized TRAIR ownership; Open Coast policy for TRMAR cabotage; abolished VAT relief for low-value imports.,GBR
249,United Kingdom,2021,Financial Services,"Financial Services Act changed prudential regime, implements Basel III.",GBR
250,United States,2023,"Professional Services, Visas",NY: Foreign accountancy firms must be majority-owned by licensed individuals; business visa cost increased (USD 160→185).,USA
251,United States,2021,ALLSEC,Eased H-1B visa requirements for entry-level programmers.,USA
252,United States,2020,ALLSEC,H-1B entry suspended (COVID-19); resumed March 2021.,USA
253,United States,2018,FDI,Expanded CFIUS jurisdiction and processes.,USA
254,United States,2016,"Legal, FSBNK, Customs",Temporary authorization for foreign attorneys in NY; foreign banks with ≥USD 50B assets must form US IHC; de minimis for customs raised to USD 800.,USA
255,Viet Nam,2024,TC,New Law on TC; new decree on personal data protection (cross-border transfers require approval).,VNM
256,Viet Nam,2023,"Motion Pictures, Visas",Lifted minimum capital for film production; lifted COVID-19 travel restrictions.,VNM
257,Viet Nam,2021,"Corporate Law, Airlines","Simplified company establishment; airline legal representatives must reside in country, not necessarily be nationals.",VNM
258,Viet Nam,2020,Investment Law,Introduced negative list for market access; eased some foreign investment conditions.,VNM
259,Viet Nam,2018,Investment Law,Foreign investments can be rejected for national defense/security (not specifically defined).,VNM
